{
    "name": "react",
    "version": "0.0.0",
    "private": true,
    "dependencies": {
      "@emotion/is-prop-valid": "^1.4.0",
      "framer-motion": "^12.23.22",
      "lucide-react": "^0.544.0",
      "react": "18.1.0",
      "react-dom": "18.1.0"
    },
    "scripts": {
      "start": "react-scripts start",
      "build": "react-scripts build",
      "test": "react-scripts test --env=jsdom",
      "eject": "react-scripts eject"
    },
    "devDependencies": {
      "react-scripts": "latest"
    }
  }